../Instances/CVRP/X-n491-k59.vrp;5;69963;0.017661
../Instances/CVRP/X-n491-k59.vrp;5;69881;0.022974
../Instances/CVRP/X-n491-k59.vrp;5;69605;0.029146
../Instances/CVRP/X-n491-k59.vrp;5;69585;0.049764
../Instances/CVRP/X-n491-k59.vrp;5;69544;0.094786
../Instances/CVRP/X-n491-k59.vrp;5;69434;0.109091
../Instances/CVRP/X-n491-k59.vrp;5;69290;0.114668
../Instances/CVRP/X-n491-k59.vrp;5;69261;0.206187
../Instances/CVRP/X-n491-k59.vrp;5;69103;0.238817
../Instances/CVRP/X-n491-k59.vrp;5;68940;0.534532
../Instances/CVRP/X-n491-k59.vrp;5;68833;0.537506
../Instances/CVRP/X-n491-k59.vrp;5;68832;0.585943
../Instances/CVRP/X-n491-k59.vrp;5;68812;0.592256
../Instances/CVRP/X-n491-k59.vrp;5;68605;0.592436
../Instances/CVRP/X-n491-k59.vrp;5;68520;0.616554
../Instances/CVRP/X-n491-k59.vrp;5;68310;0.679874
../Instances/CVRP/X-n491-k59.vrp;5;68299;0.720523
../Instances/CVRP/X-n491-k59.vrp;5;68198;0.784904
../Instances/CVRP/X-n491-k59.vrp;5;68185;0.809263
../Instances/CVRP/X-n491-k59.vrp;5;68164;0.815531
../Instances/CVRP/X-n491-k59.vrp;5;68094;0.836663
../Instances/CVRP/X-n491-k59.vrp;5;68085;0.87588
../Instances/CVRP/X-n491-k59.vrp;5;67989;0.952944
../Instances/CVRP/X-n491-k59.vrp;5;67858;0.996792
../Instances/CVRP/X-n491-k59.vrp;5;67854;1.12588
../Instances/CVRP/X-n491-k59.vrp;5;67808;1.15389
../Instances/CVRP/X-n491-k59.vrp;5;67642;1.18043
../Instances/CVRP/X-n491-k59.vrp;5;67623;1.70728
../Instances/CVRP/X-n491-k59.vrp;5;67541;1.73633
../Instances/CVRP/X-n491-k59.vrp;5;67538;1.80112
../Instances/CVRP/X-n491-k59.vrp;5;67537;1.83469
../Instances/CVRP/X-n491-k59.vrp;5;67504;1.93198
../Instances/CVRP/X-n491-k59.vrp;5;67499;2.00144
../Instances/CVRP/X-n491-k59.vrp;5;67478;2.02242
../Instances/CVRP/X-n491-k59.vrp;5;67458;2.11409
../Instances/CVRP/X-n491-k59.vrp;5;67447;2.16361
../Instances/CVRP/X-n491-k59.vrp;5;67409;2.17067
../Instances/CVRP/X-n491-k59.vrp;5;67388;2.2069
../Instances/CVRP/X-n491-k59.vrp;5;67347;2.25395
../Instances/CVRP/X-n491-k59.vrp;5;67342;2.37244
../Instances/CVRP/X-n491-k59.vrp;5;67335;2.53047
../Instances/CVRP/X-n491-k59.vrp;5;67277;2.53112
../Instances/CVRP/X-n491-k59.vrp;5;67276;2.7615
../Instances/CVRP/X-n491-k59.vrp;5;67273;2.88703
../Instances/CVRP/X-n491-k59.vrp;5;67257;2.91603
../Instances/CVRP/X-n491-k59.vrp;5;67254;3.11298
../Instances/CVRP/X-n491-k59.vrp;5;67249;3.2439
../Instances/CVRP/X-n491-k59.vrp;5;67242;3.59663
../Instances/CVRP/X-n491-k59.vrp;5;67222;4.37056
../Instances/CVRP/X-n491-k59.vrp;5;67218;4.38194
../Instances/CVRP/X-n491-k59.vrp;5;67210;4.63073
../Instances/CVRP/X-n491-k59.vrp;5;67208;5.14447
../Instances/CVRP/X-n491-k59.vrp;5;67194;5.40468
../Instances/CVRP/X-n491-k59.vrp;5;67180;5.67607
../Instances/CVRP/X-n491-k59.vrp;5;67171;5.92624
../Instances/CVRP/X-n491-k59.vrp;5;67167;6.02012
../Instances/CVRP/X-n491-k59.vrp;5;67147;6.04769
../Instances/CVRP/X-n491-k59.vrp;5;67132;6.06726
../Instances/CVRP/X-n491-k59.vrp;5;67104;6.75142
../Instances/CVRP/X-n491-k59.vrp;5;67099;6.85869
../Instances/CVRP/X-n491-k59.vrp;5;67097;7.46653
../Instances/CVRP/X-n491-k59.vrp;5;67083;7.89706
../Instances/CVRP/X-n491-k59.vrp;5;67068;7.98506
../Instances/CVRP/X-n491-k59.vrp;5;67050;8.47245
../Instances/CVRP/X-n491-k59.vrp;5;67043;8.63444
../Instances/CVRP/X-n491-k59.vrp;5;67041;9.24431
../Instances/CVRP/X-n491-k59.vrp;5;67036;9.42116
../Instances/CVRP/X-n491-k59.vrp;5;67032;9.48529
../Instances/CVRP/X-n491-k59.vrp;5;67020;9.60325
../Instances/CVRP/X-n491-k59.vrp;5;67019;9.69603
../Instances/CVRP/X-n491-k59.vrp;5;67018;10.3583
../Instances/CVRP/X-n491-k59.vrp;5;67016;10.5653
../Instances/CVRP/X-n491-k59.vrp;5;67008;10.5656
../Instances/CVRP/X-n491-k59.vrp;5;66977;10.6769
../Instances/CVRP/X-n491-k59.vrp;5;66955;11.5723
../Instances/CVRP/X-n491-k59.vrp;5;66943;11.7527
../Instances/CVRP/X-n491-k59.vrp;5;66933;11.9669
../Instances/CVRP/X-n491-k59.vrp;5;66915;12.083
../Instances/CVRP/X-n491-k59.vrp;5;66904;12.1258
../Instances/CVRP/X-n491-k59.vrp;5;66903;12.2023
../Instances/CVRP/X-n491-k59.vrp;5;66896;12.3699
../Instances/CVRP/X-n491-k59.vrp;5;66890;12.4276
../Instances/CVRP/X-n491-k59.vrp;5;66886;12.5392
../Instances/CVRP/X-n491-k59.vrp;5;66885;12.7549
../Instances/CVRP/X-n491-k59.vrp;5;66883;13.2411
../Instances/CVRP/X-n491-k59.vrp;5;66873;13.508
../Instances/CVRP/X-n491-k59.vrp;5;66870;13.5681
../Instances/CVRP/X-n491-k59.vrp;5;66869;13.8081
../Instances/CVRP/X-n491-k59.vrp;5;66865;14.1673
../Instances/CVRP/X-n491-k59.vrp;5;66863;14.2261
../Instances/CVRP/X-n491-k59.vrp;5;66851;14.2743
../Instances/CVRP/X-n491-k59.vrp;5;66848;15.0724
../Instances/CVRP/X-n491-k59.vrp;5;66847;15.1736
../Instances/CVRP/X-n491-k59.vrp;5;66846;15.8148
../Instances/CVRP/X-n491-k59.vrp;5;66845;15.9632
../Instances/CVRP/X-n491-k59.vrp;5;66838;16.6378
../Instances/CVRP/X-n491-k59.vrp;5;66837;16.9022
../Instances/CVRP/X-n491-k59.vrp;5;66836;17.0324
../Instances/CVRP/X-n491-k59.vrp;5;66835;17.0592
../Instances/CVRP/X-n491-k59.vrp;5;66834;17.0943
../Instances/CVRP/X-n491-k59.vrp;5;66833;17.6356
../Instances/CVRP/X-n491-k59.vrp;5;66832;19.2823
../Instances/CVRP/X-n491-k59.vrp;5;66831;21.6815
../Instances/CVRP/X-n491-k59.vrp;5;66815;21.8816
../Instances/CVRP/X-n491-k59.vrp;5;66804;22.0504
../Instances/CVRP/X-n491-k59.vrp;5;66796;22.2826
../Instances/CVRP/X-n491-k59.vrp;5;66785;22.3181
../Instances/CVRP/X-n491-k59.vrp;5;66782;22.5235
../Instances/CVRP/X-n491-k59.vrp;5;66765;22.7915
../Instances/CVRP/X-n491-k59.vrp;5;66757;22.9887
../Instances/CVRP/X-n491-k59.vrp;5;66756;23.8247
../Instances/CVRP/X-n491-k59.vrp;5;66755;23.8652
../Instances/CVRP/X-n491-k59.vrp;5;66752;25.0803
../Instances/CVRP/X-n491-k59.vrp;5;66726;40.358
../Instances/CVRP/X-n491-k59.vrp;5;66723;40.4557
../Instances/CVRP/X-n491-k59.vrp;5;66721;40.6619
../Instances/CVRP/X-n491-k59.vrp;5;66718;40.7091
../Instances/CVRP/X-n491-k59.vrp;5;66716;40.7823
../Instances/CVRP/X-n491-k59.vrp;5;66715;41.0539
../Instances/CVRP/X-n491-k59.vrp;5;66713;41.4007
../Instances/CVRP/X-n491-k59.vrp;5;66712;41.4628
../Instances/CVRP/X-n491-k59.vrp;5;66708;41.5221
../Instances/CVRP/X-n491-k59.vrp;5;66707;41.9493
../Instances/CVRP/X-n491-k59.vrp;5;66701;42.1888
../Instances/CVRP/X-n491-k59.vrp;5;66700;42.3517
../Instances/CVRP/X-n491-k59.vrp;5;66699;42.7383
../Instances/CVRP/X-n491-k59.vrp;5;66698;42.7566
../Instances/CVRP/X-n491-k59.vrp;5;66696;43.1421
../Instances/CVRP/X-n491-k59.vrp;5;66693;43.5126
../Instances/CVRP/X-n491-k59.vrp;5;66688;43.7275
../Instances/CVRP/X-n491-k59.vrp;5;66686;61.4088
../Instances/CVRP/X-n491-k59.vrp;5;66679;61.4186
../Instances/CVRP/X-n491-k59.vrp;5;66677;61.4318
../Instances/CVRP/X-n491-k59.vrp;5;66676;61.4417
../Instances/CVRP/X-n491-k59.vrp;5;66673;63.6485
../Instances/CVRP/X-n491-k59.vrp;5;66672;63.8113
