../Instances/CVRP/X-n491-k59.vrp;3;69986;0.018539
../Instances/CVRP/X-n491-k59.vrp;3;69926;0.031119
../Instances/CVRP/X-n491-k59.vrp;3;69782;0.036574
../Instances/CVRP/X-n491-k59.vrp;3;69728;0.048036
../Instances/CVRP/X-n491-k59.vrp;3;69637;0.059376
../Instances/CVRP/X-n491-k59.vrp;3;69337;0.093363
../Instances/CVRP/X-n491-k59.vrp;3;69150;0.154938
../Instances/CVRP/X-n491-k59.vrp;3;69144;0.205941
../Instances/CVRP/X-n491-k59.vrp;3;68969;0.230307
../Instances/CVRP/X-n491-k59.vrp;3;68902;0.606423
../Instances/CVRP/X-n491-k59.vrp;3;68866;0.634823
../Instances/CVRP/X-n491-k59.vrp;3;68841;0.664673
../Instances/CVRP/X-n491-k59.vrp;3;68736;0.731946
../Instances/CVRP/X-n491-k59.vrp;3;68678;0.746649
../Instances/CVRP/X-n491-k59.vrp;3;68611;0.810772
../Instances/CVRP/X-n491-k59.vrp;3;68541;0.985997
../Instances/CVRP/X-n491-k59.vrp;3;68461;1.07548
../Instances/CVRP/X-n491-k59.vrp;3;68268;1.13054
../Instances/CVRP/X-n491-k59.vrp;3;68213;1.67909
../Instances/CVRP/X-n491-k59.vrp;3;68160;2.0743
../Instances/CVRP/X-n491-k59.vrp;3;68019;2.19548
../Instances/CVRP/X-n491-k59.vrp;3;67993;2.49114
../Instances/CVRP/X-n491-k59.vrp;3;67965;2.67628
../Instances/CVRP/X-n491-k59.vrp;3;67956;2.82504
../Instances/CVRP/X-n491-k59.vrp;3;67849;3.21634
../Instances/CVRP/X-n491-k59.vrp;3;67805;3.22964
../Instances/CVRP/X-n491-k59.vrp;3;67778;3.85765
../Instances/CVRP/X-n491-k59.vrp;3;67743;4.04721
../Instances/CVRP/X-n491-k59.vrp;3;67721;4.26232
../Instances/CVRP/X-n491-k59.vrp;3;67696;4.42697
../Instances/CVRP/X-n491-k59.vrp;3;67677;4.50659
../Instances/CVRP/X-n491-k59.vrp;3;67605;5.65171
../Instances/CVRP/X-n491-k59.vrp;3;67554;6.09904
../Instances/CVRP/X-n491-k59.vrp;3;67542;6.45739
../Instances/CVRP/X-n491-k59.vrp;3;67538;7.25537
../Instances/CVRP/X-n491-k59.vrp;3;67529;7.28161
../Instances/CVRP/X-n491-k59.vrp;3;67502;7.35665
../Instances/CVRP/X-n491-k59.vrp;3;67401;7.65869
../Instances/CVRP/X-n491-k59.vrp;3;67347;8.21633
../Instances/CVRP/X-n491-k59.vrp;3;67329;8.9272
../Instances/CVRP/X-n491-k59.vrp;3;67270;9.47453
../Instances/CVRP/X-n491-k59.vrp;3;67246;11.1228
../Instances/CVRP/X-n491-k59.vrp;3;67227;12.1247
../Instances/CVRP/X-n491-k59.vrp;3;67208;12.8152
../Instances/CVRP/X-n491-k59.vrp;3;67201;13.0183
../Instances/CVRP/X-n491-k59.vrp;3;67189;13.2011
../Instances/CVRP/X-n491-k59.vrp;3;67100;13.3116
../Instances/CVRP/X-n491-k59.vrp;3;67074;14.337
../Instances/CVRP/X-n491-k59.vrp;3;67064;14.9526
../Instances/CVRP/X-n491-k59.vrp;3;67062;15.305
../Instances/CVRP/X-n491-k59.vrp;3;67058;15.6649
../Instances/CVRP/X-n491-k59.vrp;3;67047;15.7201
../Instances/CVRP/X-n491-k59.vrp;3;67019;15.7474
../Instances/CVRP/X-n491-k59.vrp;3;67015;16.1287
../Instances/CVRP/X-n491-k59.vrp;3;67013;16.3736
../Instances/CVRP/X-n491-k59.vrp;3;67001;16.5169
../Instances/CVRP/X-n491-k59.vrp;3;66995;17.082
../Instances/CVRP/X-n491-k59.vrp;3;66960;17.534
../Instances/CVRP/X-n491-k59.vrp;3;66953;17.6313
../Instances/CVRP/X-n491-k59.vrp;3;66943;17.7941
../Instances/CVRP/X-n491-k59.vrp;3;66931;18.4705
../Instances/CVRP/X-n491-k59.vrp;3;66930;19.1897
../Instances/CVRP/X-n491-k59.vrp;3;66929;19.4128
../Instances/CVRP/X-n491-k59.vrp;3;66914;19.5651
../Instances/CVRP/X-n491-k59.vrp;3;66913;20.5206
../Instances/CVRP/X-n491-k59.vrp;3;66912;20.9922
../Instances/CVRP/X-n491-k59.vrp;3;66909;21.3024
../Instances/CVRP/X-n491-k59.vrp;3;66895;21.8803
../Instances/CVRP/X-n491-k59.vrp;3;66862;23.1656
../Instances/CVRP/X-n491-k59.vrp;3;66860;24.6712
../Instances/CVRP/X-n491-k59.vrp;3;66851;26.4771
../Instances/CVRP/X-n491-k59.vrp;3;66803;27.4658
../Instances/CVRP/X-n491-k59.vrp;3;66801;27.9467
../Instances/CVRP/X-n491-k59.vrp;3;66795;29.2131
../Instances/CVRP/X-n491-k59.vrp;3;66793;29.2841
../Instances/CVRP/X-n491-k59.vrp;3;66791;29.3208
../Instances/CVRP/X-n491-k59.vrp;3;66790;29.8933
../Instances/CVRP/X-n491-k59.vrp;3;66789;29.928
../Instances/CVRP/X-n491-k59.vrp;3;66787;30.0503
../Instances/CVRP/X-n491-k59.vrp;3;66784;30.0706
../Instances/CVRP/X-n491-k59.vrp;3;66779;30.2847
../Instances/CVRP/X-n491-k59.vrp;3;66778;31.1669
../Instances/CVRP/X-n491-k59.vrp;3;66777;31.1808
../Instances/CVRP/X-n491-k59.vrp;3;66770;31.9934
../Instances/CVRP/X-n491-k59.vrp;3;66769;32.5977
../Instances/CVRP/X-n491-k59.vrp;3;66766;33.0343
../Instances/CVRP/X-n491-k59.vrp;3;66765;33.6154
../Instances/CVRP/X-n491-k59.vrp;3;66764;34.3259
../Instances/CVRP/X-n491-k59.vrp;3;66763;34.6627
../Instances/CVRP/X-n491-k59.vrp;3;66762;35.0614
../Instances/CVRP/X-n491-k59.vrp;3;66761;35.2559
../Instances/CVRP/X-n491-k59.vrp;3;66760;35.7566
../Instances/CVRP/X-n491-k59.vrp;3;66756;36.7318
../Instances/CVRP/X-n491-k59.vrp;3;66741;38.2392
../Instances/CVRP/X-n491-k59.vrp;3;66740;40.0245
../Instances/CVRP/X-n491-k59.vrp;3;66739;40.7159
../Instances/CVRP/X-n491-k59.vrp;3;66736;42.9848
../Instances/CVRP/X-n491-k59.vrp;3;66731;43.8687
../Instances/CVRP/X-n491-k59.vrp;3;66730;46.0346
../Instances/CVRP/X-n491-k59.vrp;3;66729;46.05
../Instances/CVRP/X-n491-k59.vrp;3;66728;48.6999
../Instances/CVRP/X-n491-k59.vrp;3;66727;49.0833
../Instances/CVRP/X-n491-k59.vrp;3;66722;50.2011
../Instances/CVRP/X-n491-k59.vrp;3;66721;50.6179
../Instances/CVRP/X-n491-k59.vrp;3;66720;50.8118
../Instances/CVRP/X-n491-k59.vrp;3;66715;53.886
../Instances/CVRP/X-n491-k59.vrp;3;66713;57.5946
../Instances/CVRP/X-n491-k59.vrp;3;66710;57.6949
../Instances/CVRP/X-n491-k59.vrp;3;66703;60.7
../Instances/CVRP/X-n491-k59.vrp;3;66701;65.0695
../Instances/CVRP/X-n491-k59.vrp;3;66698;69.2082
../Instances/CVRP/X-n491-k59.vrp;3;66693;72.6712
../Instances/CVRP/X-n491-k59.vrp;3;66692;72.7293
../Instances/CVRP/X-n491-k59.vrp;3;66690;72.7735
../Instances/CVRP/X-n491-k59.vrp;3;66689;72.9197
../Instances/CVRP/X-n491-k59.vrp;3;66675;134.188
