../Instances/ECVRP/X-n221-k11-s7.evrp;4;12288;0.015142
../Instances/ECVRP/X-n221-k11-s7.evrp;4;12233;0.034147
../Instances/ECVRP/X-n221-k11-s7.evrp;4;12113;0.039933
../Instances/ECVRP/X-n221-k11-s7.evrp;4;12105;0.052099
../Instances/ECVRP/X-n221-k11-s7.evrp;4;12040;0.063909
../Instances/ECVRP/X-n221-k11-s7.evrp;4;11993;0.069739
../Instances/ECVRP/X-n221-k11-s7.evrp;4;11843;0.07597
../Instances/ECVRP/X-n221-k11-s7.evrp;4;11721;0.15579
../Instances/ECVRP/X-n221-k11-s7.evrp;4;11599;0.515941
../Instances/ECVRP/X-n221-k11-s7.evrp;4;11506;0.892866
../Instances/ECVRP/X-n221-k11-s7.evrp;4;11492;1.01688
../Instances/ECVRP/X-n221-k11-s7.evrp;4;11491;2.11545
../Instances/ECVRP/X-n221-k11-s7.evrp;4;11429;2.35421
../Instances/ECVRP/X-n221-k11-s7.evrp;4;11414;3.64631
../Instances/ECVRP/X-n221-k11-s7.evrp;4;11413;4.15699
../Instances/ECVRP/X-n221-k11-s7.evrp;4;11406;4.53404
../Instances/ECVRP/X-n221-k11-s7.evrp;4;11323;4.66379
../Instances/ECVRP/X-n221-k11-s7.evrp;4;11319;7.86404
../Instances/ECVRP/X-n221-k11-s7.evrp;4;11298;8.81616
../Instances/ECVRP/X-n221-k11-s7.evrp;4;11244;9.64977
../Instances/ECVRP/X-n221-k11-s7.evrp;4;11231;11.3177
../Instances/ECVRP/X-n221-k11-s7.evrp;4;11190;12.7192
../Instances/ECVRP/X-n221-k11-s7.evrp;4;11188;14.8181
../Instances/ECVRP/X-n221-k11-s7.evrp;4;11103;15.8934
../Instances/ECVRP/X-n221-k11-s7.evrp;4;11102;20.8413
../Instances/ECVRP/X-n221-k11-s7.evrp;4;11099;26.7733
../Instances/ECVRP/X-n221-k11-s7.evrp;4;11085;28.7168
../Instances/ECVRP/X-n221-k11-s7.evrp;4;11053;32.6615
../Instances/ECVRP/X-n221-k11-s7.evrp;4;11042;34.4752
../Instances/ECVRP/X-n221-k11-s7.evrp;4;11036;38.2758
../Instances/ECVRP/X-n221-k11-s7.evrp;4;11030;46.6679
../Instances/ECVRP/X-n221-k11-s7.evrp;4;11020;47.217
../Instances/ECVRP/X-n221-k11-s7.evrp;4;11017;50.8527
../Instances/ECVRP/X-n221-k11-s7.evrp;4;11013;56.8593
../Instances/ECVRP/X-n221-k11-s7.evrp;4;11009;68.6786
../Instances/ECVRP/X-n221-k11-s7.evrp;4;11007;68.9381
../Instances/ECVRP/X-n221-k11-s7.evrp;4;11004;89.0813
../Instances/ECVRP/X-n221-k11-s7.evrp;4;10997;106.289
../Instances/ECVRP/X-n221-k11-s7.evrp;4;10995;114.378
../Instances/ECVRP/X-n221-k11-s7.evrp;4;10993;140.574
../Instances/ECVRP/X-n221-k11-s7.evrp;4;10990;143.593
../Instances/ECVRP/X-n221-k11-s7.evrp;4;10987;146.886
../Instances/ECVRP/X-n221-k11-s7.evrp;4;10986;153.667
../Instances/ECVRP/X-n221-k11-s7.evrp;4;10985;214.182
../Instances/ECVRP/X-n221-k11-s7.evrp;4;10983;245.87
../Instances/ECVRP/X-n221-k11-s7.evrp;4;10982;264.507
../Instances/ECVRP/X-n221-k11-s7.evrp;4;10981;295.408
../Instances/ECVRP/X-n221-k11-s7.evrp;4;10980;297.023
../Instances/ECVRP/X-n221-k11-s7.evrp;4;10978;307.016
../Instances/ECVRP/X-n221-k11-s7.evrp;4;10977;342.325
../Instances/ECVRP/X-n221-k11-s7.evrp;4;10974;344.333
../Instances/ECVRP/X-n221-k11-s7.evrp;4;10969;345.843
../Instances/ECVRP/X-n221-k11-s7.evrp;4;10968;345.938
