../Instances/ECVRP/X-n920-k207-s4.evrp;1;345407;0.053582
../Instances/ECVRP/X-n920-k207-s4.evrp;1;345314;0.112646
../Instances/ECVRP/X-n920-k207-s4.evrp;1;345135;0.124347
../Instances/ECVRP/X-n920-k207-s4.evrp;1;343708;0.306779
../Instances/ECVRP/X-n920-k207-s4.evrp;1;343100;1.28916
../Instances/ECVRP/X-n920-k207-s4.evrp;1;342747;1.31492
../Instances/ECVRP/X-n920-k207-s4.evrp;1;341071;1.42556
../Instances/ECVRP/X-n920-k207-s4.evrp;1;341036;19.246
../Instances/ECVRP/X-n920-k207-s4.evrp;1;340946;20.6897
../Instances/ECVRP/X-n920-k207-s4.evrp;1;340319;40.4829
../Instances/ECVRP/X-n920-k207-s4.evrp;1;339950;56.0264
../Instances/ECVRP/X-n920-k207-s4.evrp;1;339865;62.813
../Instances/ECVRP/X-n920-k207-s4.evrp;1;339740;102.268
../Instances/ECVRP/X-n920-k207-s4.evrp;1;339477;156.396
../Instances/ECVRP/X-n920-k207-s4.evrp;1;339169;161.882
../Instances/ECVRP/X-n920-k207-s4.evrp;1;338766;248.734
../Instances/ECVRP/X-n920-k207-s4.evrp;1;338506;251.846
../Instances/ECVRP/X-n920-k207-s4.evrp;1;338364;282.564
../Instances/ECVRP/X-n920-k207-s4.evrp;1;338040;298.282
../Instances/ECVRP/X-n920-k207-s4.evrp;1;337869;438.68
../Instances/ECVRP/X-n920-k207-s4.evrp;1;337772;505.706
../Instances/ECVRP/X-n920-k207-s4.evrp;1;337554;517.27
../Instances/ECVRP/X-n920-k207-s4.evrp;1;337351;576.262
../Instances/ECVRP/X-n920-k207-s4.evrp;1;337187;606.921
../Instances/ECVRP/X-n920-k207-s4.evrp;1;337098;682.876
../Instances/ECVRP/X-n920-k207-s4.evrp;1;337026;702.158
../Instances/ECVRP/X-n920-k207-s4.evrp;1;336931;841.911
../Instances/ECVRP/X-n920-k207-s4.evrp;1;336616;920.164
../Instances/ECVRP/X-n920-k207-s4.evrp;1;336591;1107.96
../Instances/ECVRP/X-n920-k207-s4.evrp;1;336504;1124.58
../Instances/ECVRP/X-n920-k207-s4.evrp;1;336442;1163.13
../Instances/ECVRP/X-n920-k207-s4.evrp;1;336369;1235.45
../Instances/ECVRP/X-n920-k207-s4.evrp;1;336354;1254.37
../Instances/ECVRP/X-n920-k207-s4.evrp;1;336344;1326.11
../Instances/ECVRP/X-n920-k207-s4.evrp;1;336315;1346.67
../Instances/ECVRP/X-n920-k207-s4.evrp;1;336308;1347.64
../Instances/ECVRP/X-n920-k207-s4.evrp;1;336288;1378.35
../Instances/ECVRP/X-n920-k207-s4.evrp;1;336237;1389.29
../Instances/ECVRP/X-n920-k207-s4.evrp;1;336198;1391.72
../Instances/ECVRP/X-n920-k207-s4.evrp;1;336195;1421.46
../Instances/ECVRP/X-n920-k207-s4.evrp;1;336029;1440.41
../Instances/ECVRP/X-n920-k207-s4.evrp;1;336023;1571.75
../Instances/ECVRP/X-n920-k207-s4.evrp;1;336020;1573.07
../Instances/ECVRP/X-n920-k207-s4.evrp;1;335956;1629.98
../Instances/ECVRP/X-n920-k207-s4.evrp;1;335941;1646.92
../Instances/ECVRP/X-n920-k207-s4.evrp;1;335909;1664.23
../Instances/ECVRP/X-n920-k207-s4.evrp;1;335905;1724.47
../Instances/ECVRP/X-n920-k207-s4.evrp;1;335871;1742.75
../Instances/ECVRP/X-n920-k207-s4.evrp;1;335857;1760.67
../Instances/ECVRP/X-n920-k207-s4.evrp;1;335772;1805.84
../Instances/ECVRP/X-n920-k207-s4.evrp;1;335636;1877.15
../Instances/ECVRP/X-n920-k207-s4.evrp;1;335632;1925.47
../Instances/ECVRP/X-n920-k207-s4.evrp;1;335579;2061.97
../Instances/ECVRP/X-n920-k207-s4.evrp;1;335539;2084.92
../Instances/ECVRP/X-n920-k207-s4.evrp;1;335447;2144
