../Instances/ECVRP/X-n698-k75-s13.evrp;9;74568;0.060849
../Instances/ECVRP/X-n698-k75-s13.evrp;9;73396;0.123155
../Instances/ECVRP/X-n698-k75-s13.evrp;9;73316;0.164649
../Instances/ECVRP/X-n698-k75-s13.evrp;9;72958;0.354599
../Instances/ECVRP/X-n698-k75-s13.evrp;9;72694;1.01777
../Instances/ECVRP/X-n698-k75-s13.evrp;9;72689;2.09724
../Instances/ECVRP/X-n698-k75-s13.evrp;9;72362;2.53826
../Instances/ECVRP/X-n698-k75-s13.evrp;9;72334;2.59771
../Instances/ECVRP/X-n698-k75-s13.evrp;9;72175;2.7864
../Instances/ECVRP/X-n698-k75-s13.evrp;9;71802;3.77214
../Instances/ECVRP/X-n698-k75-s13.evrp;9;71786;6.56637
../Instances/ECVRP/X-n698-k75-s13.evrp;9;71773;6.73037
../Instances/ECVRP/X-n698-k75-s13.evrp;9;71427;7.33382
../Instances/ECVRP/X-n698-k75-s13.evrp;9;71366;8.15724
../Instances/ECVRP/X-n698-k75-s13.evrp;9;71170;11.0006
../Instances/ECVRP/X-n698-k75-s13.evrp;9;71156;12.7942
../Instances/ECVRP/X-n698-k75-s13.evrp;9;71103;14.0892
../Instances/ECVRP/X-n698-k75-s13.evrp;9;71032;14.5933
../Instances/ECVRP/X-n698-k75-s13.evrp;9;71008;14.6439
../Instances/ECVRP/X-n698-k75-s13.evrp;9;70927;15.0046
../Instances/ECVRP/X-n698-k75-s13.evrp;9;70855;15.2444
../Instances/ECVRP/X-n698-k75-s13.evrp;9;70717;19.8636
../Instances/ECVRP/X-n698-k75-s13.evrp;9;70665;21.9892
../Instances/ECVRP/X-n698-k75-s13.evrp;9;70607;27.0443
../Instances/ECVRP/X-n698-k75-s13.evrp;9;70601;28.4086
../Instances/ECVRP/X-n698-k75-s13.evrp;9;70539;29.7076
../Instances/ECVRP/X-n698-k75-s13.evrp;9;70508;30.8949
../Instances/ECVRP/X-n698-k75-s13.evrp;9;70496;34.2361
../Instances/ECVRP/X-n698-k75-s13.evrp;9;70454;35.8307
../Instances/ECVRP/X-n698-k75-s13.evrp;9;70387;39.3338
../Instances/ECVRP/X-n698-k75-s13.evrp;9;70380;41.5477
../Instances/ECVRP/X-n698-k75-s13.evrp;9;70364;42.6844
../Instances/ECVRP/X-n698-k75-s13.evrp;9;70330;43.9452
../Instances/ECVRP/X-n698-k75-s13.evrp;9;70305;46.7149
../Instances/ECVRP/X-n698-k75-s13.evrp;9;70281;49.0294
../Instances/ECVRP/X-n698-k75-s13.evrp;9;70268;49.3077
../Instances/ECVRP/X-n698-k75-s13.evrp;9;70264;51.1352
../Instances/ECVRP/X-n698-k75-s13.evrp;9;70240;51.4313
../Instances/ECVRP/X-n698-k75-s13.evrp;9;70203;51.715
../Instances/ECVRP/X-n698-k75-s13.evrp;9;70184;57.4851
../Instances/ECVRP/X-n698-k75-s13.evrp;9;70174;61.4388
../Instances/ECVRP/X-n698-k75-s13.evrp;9;70149;61.8412
../Instances/ECVRP/X-n698-k75-s13.evrp;9;70147;63.5479
../Instances/ECVRP/X-n698-k75-s13.evrp;9;70068;64.75
../Instances/ECVRP/X-n698-k75-s13.evrp;9;70049;77.9582
../Instances/ECVRP/X-n698-k75-s13.evrp;9;70036;78.9321
../Instances/ECVRP/X-n698-k75-s13.evrp;9;70034;80.3916
../Instances/ECVRP/X-n698-k75-s13.evrp;9;70022;84.0712
../Instances/ECVRP/X-n698-k75-s13.evrp;9;70008;85.5983
../Instances/ECVRP/X-n698-k75-s13.evrp;9;70004;93.2171
../Instances/ECVRP/X-n698-k75-s13.evrp;9;69958;95.1767
../Instances/ECVRP/X-n698-k75-s13.evrp;9;69956;101.252
../Instances/ECVRP/X-n698-k75-s13.evrp;9;69951;106.63
../Instances/ECVRP/X-n698-k75-s13.evrp;9;69939;110.081
../Instances/ECVRP/X-n698-k75-s13.evrp;9;69904;112.585
../Instances/ECVRP/X-n698-k75-s13.evrp;9;69902;113.077
../Instances/ECVRP/X-n698-k75-s13.evrp;9;69873;117.912
../Instances/ECVRP/X-n698-k75-s13.evrp;9;69871;143.244
../Instances/ECVRP/X-n698-k75-s13.evrp;9;69862;144.854
../Instances/ECVRP/X-n698-k75-s13.evrp;9;69861;149.114
../Instances/ECVRP/X-n698-k75-s13.evrp;9;69854;152.036
../Instances/ECVRP/X-n698-k75-s13.evrp;9;69836;155.939
../Instances/ECVRP/X-n698-k75-s13.evrp;9;69818;159.616
../Instances/ECVRP/X-n698-k75-s13.evrp;9;69807;165.214
../Instances/ECVRP/X-n698-k75-s13.evrp;9;69786;169.096
../Instances/ECVRP/X-n698-k75-s13.evrp;9;69750;175.461
../Instances/ECVRP/X-n698-k75-s13.evrp;9;69745;179.068
../Instances/ECVRP/X-n698-k75-s13.evrp;9;69736;185.891
../Instances/ECVRP/X-n698-k75-s13.evrp;9;69729;186.627
../Instances/ECVRP/X-n698-k75-s13.evrp;9;69728;187.098
../Instances/ECVRP/X-n698-k75-s13.evrp;9;69726;191.225
../Instances/ECVRP/X-n698-k75-s13.evrp;9;69699;197.176
../Instances/ECVRP/X-n698-k75-s13.evrp;9;69697;197.622
../Instances/ECVRP/X-n698-k75-s13.evrp;9;69696;199.528
../Instances/ECVRP/X-n698-k75-s13.evrp;9;69694;199.72
../Instances/ECVRP/X-n698-k75-s13.evrp;9;69691;205.534
../Instances/ECVRP/X-n698-k75-s13.evrp;9;69680;208.069
../Instances/ECVRP/X-n698-k75-s13.evrp;9;69679;225.29
../Instances/ECVRP/X-n698-k75-s13.evrp;9;69677;236.416
../Instances/ECVRP/X-n698-k75-s13.evrp;9;69670;240.926
../Instances/ECVRP/X-n698-k75-s13.evrp;9;69669;245.089
../Instances/ECVRP/X-n698-k75-s13.evrp;9;69666;246.991
../Instances/ECVRP/X-n698-k75-s13.evrp;9;69664;248.899
../Instances/ECVRP/X-n698-k75-s13.evrp;9;69661;256.276
../Instances/ECVRP/X-n698-k75-s13.evrp;9;69638;264.905
../Instances/ECVRP/X-n698-k75-s13.evrp;9;69637;272.512
../Instances/ECVRP/X-n698-k75-s13.evrp;9;69633;272.689
../Instances/ECVRP/X-n698-k75-s13.evrp;9;69622;295.28
../Instances/ECVRP/X-n698-k75-s13.evrp;9;69614;302.164
../Instances/ECVRP/X-n698-k75-s13.evrp;9;69610;309.579
../Instances/ECVRP/X-n698-k75-s13.evrp;9;69588;311.386
../Instances/ECVRP/X-n698-k75-s13.evrp;9;69584;317.415
../Instances/ECVRP/X-n698-k75-s13.evrp;9;69583;319.541
../Instances/ECVRP/X-n698-k75-s13.evrp;9;69577;326.689
../Instances/ECVRP/X-n698-k75-s13.evrp;9;69576;332.677
../Instances/ECVRP/X-n698-k75-s13.evrp;9;69574;346.242
../Instances/ECVRP/X-n698-k75-s13.evrp;9;69573;348.368
../Instances/ECVRP/X-n698-k75-s13.evrp;9;69564;352.578
../Instances/ECVRP/X-n698-k75-s13.evrp;9;69563;385.031
../Instances/ECVRP/X-n698-k75-s13.evrp;9;69550;403.246
../Instances/ECVRP/X-n698-k75-s13.evrp;9;69549;411.691
../Instances/ECVRP/X-n698-k75-s13.evrp;9;69543;424.564
../Instances/ECVRP/X-n698-k75-s13.evrp;9;69537;431.117
../Instances/ECVRP/X-n698-k75-s13.evrp;9;69536;440.016
../Instances/ECVRP/X-n698-k75-s13.evrp;9;69535;442.626
../Instances/ECVRP/X-n698-k75-s13.evrp;9;69534;452.446
../Instances/ECVRP/X-n698-k75-s13.evrp;9;69532;456.691
../Instances/ECVRP/X-n698-k75-s13.evrp;9;69530;468.116
../Instances/ECVRP/X-n698-k75-s13.evrp;9;69529;479.997
../Instances/ECVRP/X-n698-k75-s13.evrp;9;69525;503.168
../Instances/ECVRP/X-n698-k75-s13.evrp;9;69524;513.624
../Instances/ECVRP/X-n698-k75-s13.evrp;9;69523;514.593
../Instances/ECVRP/X-n698-k75-s13.evrp;9;69520;521.174
../Instances/ECVRP/X-n698-k75-s13.evrp;9;69519;534.517
../Instances/ECVRP/X-n698-k75-s13.evrp;9;69509;555.033
../Instances/ECVRP/X-n698-k75-s13.evrp;9;69507;562.531
../Instances/ECVRP/X-n698-k75-s13.evrp;9;69506;578.055
../Instances/ECVRP/X-n698-k75-s13.evrp;9;69504;580.357
../Instances/ECVRP/X-n698-k75-s13.evrp;9;69502;587.97
../Instances/ECVRP/X-n698-k75-s13.evrp;9;69501;593.457
../Instances/ECVRP/X-n698-k75-s13.evrp;9;69498;607.206
../Instances/ECVRP/X-n698-k75-s13.evrp;9;69497;607.307
../Instances/ECVRP/X-n698-k75-s13.evrp;9;69496;617.577
../Instances/ECVRP/X-n698-k75-s13.evrp;9;69494;660.509
../Instances/ECVRP/X-n698-k75-s13.evrp;9;69493;690.763
../Instances/ECVRP/X-n698-k75-s13.evrp;9;69491;712.28
../Instances/ECVRP/X-n698-k75-s13.evrp;9;69480;719.073
../Instances/ECVRP/X-n698-k75-s13.evrp;9;69477;720.551
../Instances/ECVRP/X-n698-k75-s13.evrp;9;69472;720.869
../Instances/ECVRP/X-n698-k75-s13.evrp;9;69470;724.36
../Instances/ECVRP/X-n698-k75-s13.evrp;9;69469;746.396
../Instances/ECVRP/X-n698-k75-s13.evrp;9;69468;781.637
../Instances/ECVRP/X-n698-k75-s13.evrp;9;69467;781.878
../Instances/ECVRP/X-n698-k75-s13.evrp;9;69466;786.155
../Instances/ECVRP/X-n698-k75-s13.evrp;9;69461;831.924
../Instances/ECVRP/X-n698-k75-s13.evrp;9;69459;833.281
../Instances/ECVRP/X-n698-k75-s13.evrp;9;69455;845.167
../Instances/ECVRP/X-n698-k75-s13.evrp;9;69454;847.313
../Instances/ECVRP/X-n698-k75-s13.evrp;9;69450;855.241
