../Instances/CVRP/X-n491-k59.vrp;4;69688;0.030864
../Instances/CVRP/X-n491-k59.vrp;4;69574;0.056093
../Instances/CVRP/X-n491-k59.vrp;4;69360;0.101375
../Instances/CVRP/X-n491-k59.vrp;4;69143;0.206045
../Instances/CVRP/X-n491-k59.vrp;4;69124;0.216109
../Instances/CVRP/X-n491-k59.vrp;4;69118;0.61849
../Instances/CVRP/X-n491-k59.vrp;4;68916;0.620553
../Instances/CVRP/X-n491-k59.vrp;4;68830;0.666326
../Instances/CVRP/X-n491-k59.vrp;4;68733;0.692886
../Instances/CVRP/X-n491-k59.vrp;4;68516;0.758601
../Instances/CVRP/X-n491-k59.vrp;4;68388;0.847763
../Instances/CVRP/X-n491-k59.vrp;4;68167;0.856957
../Instances/CVRP/X-n491-k59.vrp;4;68098;1.03782
../Instances/CVRP/X-n491-k59.vrp;4;68072;1.11872
../Instances/CVRP/X-n491-k59.vrp;4;67981;1.3919
../Instances/CVRP/X-n491-k59.vrp;4;67931;1.41306
../Instances/CVRP/X-n491-k59.vrp;4;67928;1.62259
../Instances/CVRP/X-n491-k59.vrp;4;67919;2.01209
../Instances/CVRP/X-n491-k59.vrp;4;67887;2.02557
../Instances/CVRP/X-n491-k59.vrp;4;67858;2.19498
../Instances/CVRP/X-n491-k59.vrp;4;67843;2.31727
../Instances/CVRP/X-n491-k59.vrp;4;67827;2.4081
../Instances/CVRP/X-n491-k59.vrp;4;67809;2.47625
../Instances/CVRP/X-n491-k59.vrp;4;67777;2.70784
../Instances/CVRP/X-n491-k59.vrp;4;67716;2.81438
../Instances/CVRP/X-n491-k59.vrp;4;67663;3.16394
../Instances/CVRP/X-n491-k59.vrp;4;67622;3.60515
../Instances/CVRP/X-n491-k59.vrp;4;67620;3.85515
../Instances/CVRP/X-n491-k59.vrp;4;67417;3.88914
../Instances/CVRP/X-n491-k59.vrp;4;67398;3.98143
../Instances/CVRP/X-n491-k59.vrp;4;67270;4.21186
../Instances/CVRP/X-n491-k59.vrp;4;67263;4.56302
../Instances/CVRP/X-n491-k59.vrp;4;67237;4.63466
../Instances/CVRP/X-n491-k59.vrp;4;67213;4.68734
../Instances/CVRP/X-n491-k59.vrp;4;67134;4.7097
../Instances/CVRP/X-n491-k59.vrp;4;67118;5.53202
../Instances/CVRP/X-n491-k59.vrp;4;67066;5.95828
../Instances/CVRP/X-n491-k59.vrp;4;67051;6.03629
../Instances/CVRP/X-n491-k59.vrp;4;67048;7.21897
../Instances/CVRP/X-n491-k59.vrp;4;67047;7.46138
../Instances/CVRP/X-n491-k59.vrp;4;67046;7.46714
../Instances/CVRP/X-n491-k59.vrp;4;67005;7.69304
../Instances/CVRP/X-n491-k59.vrp;4;66979;9.60671
../Instances/CVRP/X-n491-k59.vrp;4;66950;9.94975
../Instances/CVRP/X-n491-k59.vrp;4;66913;10.0081
../Instances/CVRP/X-n491-k59.vrp;4;66912;11.7282
../Instances/CVRP/X-n491-k59.vrp;4;66904;12.0053
../Instances/CVRP/X-n491-k59.vrp;4;66901;12.2093
../Instances/CVRP/X-n491-k59.vrp;4;66891;12.2104
../Instances/CVRP/X-n491-k59.vrp;4;66880;12.6753
../Instances/CVRP/X-n491-k59.vrp;4;66869;13.371
../Instances/CVRP/X-n491-k59.vrp;4;66855;14.3634
../Instances/CVRP/X-n491-k59.vrp;4;66841;14.6699
../Instances/CVRP/X-n491-k59.vrp;4;66837;14.7894
../Instances/CVRP/X-n491-k59.vrp;4;66836;15.602
../Instances/CVRP/X-n491-k59.vrp;4;66835;15.8705
../Instances/CVRP/X-n491-k59.vrp;4;66821;15.9897
../Instances/CVRP/X-n491-k59.vrp;4;66815;17.3587
../Instances/CVRP/X-n491-k59.vrp;4;66802;18.0948
../Instances/CVRP/X-n491-k59.vrp;4;66800;18.1962
../Instances/CVRP/X-n491-k59.vrp;4;66798;18.7971
../Instances/CVRP/X-n491-k59.vrp;4;66794;18.8594
../Instances/CVRP/X-n491-k59.vrp;4;66791;19.7843
../Instances/CVRP/X-n491-k59.vrp;4;66753;20.4128
../Instances/CVRP/X-n491-k59.vrp;4;66750;20.7776
../Instances/CVRP/X-n491-k59.vrp;4;66747;20.9546
../Instances/CVRP/X-n491-k59.vrp;4;66745;21.4648
../Instances/CVRP/X-n491-k59.vrp;4;66744;21.6392
../Instances/CVRP/X-n491-k59.vrp;4;66739;21.6735
../Instances/CVRP/X-n491-k59.vrp;4;66737;21.6737
../Instances/CVRP/X-n491-k59.vrp;4;66730;21.789
../Instances/CVRP/X-n491-k59.vrp;4;66728;21.9067
../Instances/CVRP/X-n491-k59.vrp;4;66726;22.7837
../Instances/CVRP/X-n491-k59.vrp;4;66724;22.9466
../Instances/CVRP/X-n491-k59.vrp;4;66722;23.1888
../Instances/CVRP/X-n491-k59.vrp;4;66717;23.5651
../Instances/CVRP/X-n491-k59.vrp;4;66709;23.6332
../Instances/CVRP/X-n491-k59.vrp;4;66708;24.2525
../Instances/CVRP/X-n491-k59.vrp;4;66707;24.3385
../Instances/CVRP/X-n491-k59.vrp;4;66706;24.6757
../Instances/CVRP/X-n491-k59.vrp;4;66705;24.778
../Instances/CVRP/X-n491-k59.vrp;4;66700;24.8654
../Instances/CVRP/X-n491-k59.vrp;4;66695;25.5476
../Instances/CVRP/X-n491-k59.vrp;4;66690;26.2437
../Instances/CVRP/X-n491-k59.vrp;4;66688;26.3008
../Instances/CVRP/X-n491-k59.vrp;4;66683;27.0025
../Instances/CVRP/X-n491-k59.vrp;4;66682;27.5021
../Instances/CVRP/X-n491-k59.vrp;4;66679;28.4576
../Instances/CVRP/X-n491-k59.vrp;4;66678;32.1456
../Instances/CVRP/X-n491-k59.vrp;4;66677;32.2332
../Instances/CVRP/X-n491-k59.vrp;4;66670;35.0448
../Instances/CVRP/X-n491-k59.vrp;4;66646;45.0686
../Instances/CVRP/X-n491-k59.vrp;4;66644;45.72
../Instances/CVRP/X-n491-k59.vrp;4;66631;49.5147
../Instances/CVRP/X-n491-k59.vrp;4;66624;173.98
../Instances/CVRP/X-n491-k59.vrp;4;66623;174.746
../Instances/CVRP/X-n491-k59.vrp;4;66618;176.113
../Instances/CVRP/X-n491-k59.vrp;4;66616;177.041
